"","Category","4chan","6.cn","8kun","9gag","Ameblo","Aparat","Ask.fm","Badoo","Behance","Bilibili","BitChute","Blind","Bluesky","Brainly","CSDN","DLive","DeviantArt","Discord","Douban","Douyin","Dxy","Facebook","Fetlife","Flickr","Foursquare","Gettr","Hacker.News","Hatenablog","Hive.Social","Imgur","Imo","Josh","Kakao","Knuddels","Kuaishou","Kwai","LINE","Letterboxd","Likee","LinkedIn","Mastodon","Medium","Minds","NewGrounds","Nextdoor","Nicovideo","Ninisite","Nnmclub","Odysee","Patreon","Patriots.win","Peanut","Pinterest","Plurk","Quora","Reddit","ReverbNation","SlideShare","Slug","Snapchat","Sound.Cloud","Stack.Exchange","Steam.Community","Tagged","Tellonym","ThinkSpot","TikTok","TradingView","Triller","TruthSocial","Tumblr","Twitch","VK","VSCO","Vero","Viber","Vimeo","Wattpad","WeChat","WhatsApp","Wykop","X","Xiaohongshu","Xing","YY","YouTube","Yubo","Zhanqi.tv","Zhihu"
"1","Adult Non-Consensual Intimate Imagery",0,0,0,0,0,0,0,1,0,0,0,0,0,0,0,0,1,0,0,0,0,1,0,0,0,1,0,0,0,1,0,1,0,0,0,1,0,0,0,1,0,0,0,0,0,0,0,0,0,1,0,0,1,1,1,1,0,0,0,1,0,0,0,0,0,0,1,0,0,0,0,1,0,1,1,0,0,0,1,0,0,1,1,0,0,1,1,0,1
"2","Adult Non-Sexual Nudity",0,0,0,1,0,0,1,0,0,0,0,0,0,0,0,1,0,0,0,0,0,1,0,0,0,1,0,0,0,1,0,1,0,0,0,1,0,0,0,0,0,0,0,0,0,0,0,0,0,0,0,0,0,0,0,0,0,0,0,0,0,0,0,0,0,0,0,0,0,0,0,0,0,0,0,0,0,0,0,0,0,0,0,0,0,0,1,0,1
"3","Alcohol and Tobacco Sale",0,0,0,0,0,0,0,1,0,0,0,0,0,0,0,0,0,1,0,1,0,1,0,0,0,1,0,0,1,0,0,0,0,0,0,1,0,0,0,1,0,0,0,0,0,0,0,0,0,1,0,0,1,0,0,1,0,0,0,1,0,0,0,0,1,0,1,0,0,0,0,0,1,0,0,0,0,0,1,0,0,0,1,0,1,1,0,0,1
"4","Animal Abuse",0,0,1,1,0,1,0,1,0,0,1,0,1,0,0,0,0,1,1,1,0,1,0,0,0,0,0,0,0,1,0,1,0,0,1,1,0,0,1,1,0,0,0,0,0,1,0,0,1,1,0,0,1,0,1,1,0,0,0,1,0,0,0,1,0,0,1,0,1,0,1,0,0,1,1,0,1,0,1,0,0,0,0,0,1,1,0,0,1
"5","Bullying",0,0,0,1,0,0,1,1,0,0,0,1,0,0,0,1,0,1,0,1,0,1,1,0,0,1,0,0,0,1,0,1,0,1,1,1,1,0,0,1,0,1,0,1,1,0,0,0,1,1,0,1,0,0,1,1,1,0,0,1,0,1,0,1,0,0,1,0,1,0,1,0,0,1,1,1,1,0,1,0,0,0,1,0,0,1,1,0,1
"6","Celebrating Own Crime",0,0,0,0,0,0,0,0,0,0,0,0,0,0,0,0,0,0,0,0,0,1,0,0,0,0,0,0,0,0,0,0,0,0,0,0,1,0,0,0,0,0,0,0,0,0,0,0,0,0,0,0,0,0,0,0,0,0,0,0,0,0,0,0,0,0,0,0,1,0,0,0,0,0,0,0,0,0,0,0,0,0,0,0,0,0,0,0,0
"7","Child Abuse",0,0,0,0,0,1,1,0,0,0,1,0,0,0,0,0,0,1,0,1,0,1,0,0,0,1,0,0,0,1,0,0,0,0,1,1,0,0,1,1,0,0,0,0,0,1,0,0,0,1,0,1,0,0,0,1,0,1,0,0,0,0,0,0,0,0,1,0,0,0,1,1,0,0,0,0,0,1,1,1,0,1,1,0,0,1,1,0,0
"8","Child Exploitation Imagery",0,0,1,0,0,1,1,1,0,0,0,0,1,0,0,0,1,1,0,1,0,1,1,0,0,1,0,1,0,1,0,1,1,1,0,0,1,0,1,1,0,1,0,1,0,1,0,0,0,1,0,0,1,1,1,1,0,0,0,1,1,0,0,1,0,1,1,0,1,1,1,1,0,0,0,1,1,0,1,0,0,1,1,0,0,1,1,0,1
"9","Child Nudity",0,0,1,0,0,0,0,1,1,0,0,0,0,0,0,0,1,1,0,1,0,1,0,0,0,0,0,0,0,0,1,1,0,0,0,0,1,0,1,1,0,0,0,0,0,0,0,0,0,1,0,0,1,1,0,1,0,0,0,1,1,0,0,0,0,0,1,0,1,0,0,1,0,1,1,0,1,0,1,0,0,1,1,0,1,1,0,0,1
"10","Child Sexual Exploitation",0,0,1,1,0,1,1,1,0,0,1,0,1,0,0,0,1,1,0,1,0,1,0,0,0,1,0,1,0,1,1,1,1,0,0,1,1,0,1,1,0,1,1,1,0,1,0,0,0,1,0,1,1,1,1,1,1,1,0,1,1,1,1,1,0,1,1,0,1,1,1,1,1,1,1,1,1,1,1,1,0,1,1,0,0,1,1,0,1
"11","Counterfeit Products or Documents Sale",0,0,0,0,0,0,0,0,0,0,0,0,0,0,0,0,0,1,0,1,0,1,0,0,0,1,0,0,0,0,0,0,0,0,1,0,1,0,0,1,0,0,0,0,0,0,0,0,0,0,0,0,1,0,0,1,0,0,0,1,0,0,0,1,0,0,1,0,0,1,0,1,1,0,0,1,0,0,1,0,0,1,1,0,0,1,0,0,1
"12","Criminal Behavior",0,1,0,1,0,1,0,0,1,1,0,0,0,0,1,1,0,0,1,1,1,1,0,0,0,1,0,0,0,0,1,1,1,1,1,1,1,0,1,1,0,0,0,0,0,1,1,0,1,1,0,1,0,0,0,0,0,1,0,1,0,0,0,1,1,1,1,0,1,1,1,1,0,1,0,1,0,0,1,1,1,1,1,0,1,1,1,0,1
"13","Criminal Group Propaganda",0,0,0,0,0,0,1,1,0,1,0,0,0,0,0,0,1,0,0,1,0,1,0,0,0,0,0,0,1,0,0,0,0,0,0,1,0,0,0,1,0,0,0,0,0,0,0,0,1,1,0,0,1,0,0,0,0,0,0,1,0,0,0,0,1,0,1,0,0,0,0,0,0,0,1,0,0,0,1,1,0,0,0,0,0,1,0,0,0
"14","Criticizing the Government/ Authorities",0,0,0,0,0,0,0,0,0,0,0,0,0,0,0,0,0,0,0,0,0,0,0,0,0,0,0,0,0,0,0,0,0,0,1,0,0,0,1,0,0,0,0,0,0,0,0,0,0,0,0,0,0,0,0,0,0,0,0,0,0,0,0,0,0,0,0,0,0,0,0,0,0,0,0,0,0,0,0,0,0,0,1,0,0,0,0,0,1
"15","Dangerous Challenges",0,0,0,0,0,0,0,1,0,0,0,0,0,0,0,0,0,0,0,1,0,1,0,0,0,0,0,0,0,0,0,1,0,0,1,0,0,0,1,0,0,0,0,0,0,0,0,0,0,1,0,0,1,0,0,0,0,0,0,0,0,0,0,1,0,0,1,0,0,0,0,0,0,1,0,0,0,0,0,0,0,0,0,0,0,1,1,0,0
"16","Dehumanization",0,0,0,0,0,0,0,1,1,0,0,0,0,0,0,0,0,1,0,0,0,1,0,0,0,0,0,0,0,0,0,0,0,0,0,1,0,0,0,1,0,1,0,0,1,0,0,0,0,1,0,1,0,0,1,0,0,0,1,0,0,1,0,1,0,0,1,0,1,0,1,1,0,1,0,0,0,0,1,0,0,1,0,0,0,1,0,0,0
"17","Denying Climate Change",0,0,0,0,0,0,0,0,0,0,0,0,0,0,0,0,0,0,0,0,0,0,0,0,0,0,0,0,0,0,0,0,0,0,0,0,0,0,0,0,0,0,0,0,0,0,0,0,0,0,0,0,1,0,0,0,0,0,0,0,0,0,0,0,0,0,1,0,0,0,0,0,0,0,0,0,0,0,0,0,0,0,0,0,0,0,0,0,0
"18","Denying well Documented Historical Events",0,0,0,0,0,0,0,1,0,0,0,0,0,0,0,0,0,1,0,0,0,1,0,0,0,0,0,0,0,0,0,0,0,1,0,0,0,0,0,1,0,0,0,0,0,0,0,0,0,1,0,0,1,0,1,0,0,0,0,1,0,1,0,0,0,0,1,0,0,0,0,1,0,1,0,1,1,0,0,0,0,1,0,0,0,1,0,0,0
"19","Depiction of Dangerous Behavior Risking Imitation",0,0,0,0,1,1,0,0,1,1,0,0,0,0,0,0,0,0,0,1,1,1,0,0,0,1,0,0,0,0,0,0,0,0,1,1,0,0,0,0,0,0,0,0,0,0,0,0,0,1,0,0,1,0,0,0,0,0,0,0,0,0,0,1,0,0,1,0,0,0,0,1,0,1,0,0,0,0,1,0,0,0,1,0,0,1,1,0,1
"20","Distorting Historical Narratives",0,0,0,0,0,0,0,0,0,0,0,0,0,0,1,0,0,0,1,1,1,0,0,0,0,0,0,0,0,0,0,0,0,0,1,0,0,0,0,0,0,0,0,0,0,0,0,0,0,0,0,0,0,0,0,0,0,0,0,0,0,0,0,0,0,0,0,0,0,0,0,0,0,0,0,0,0,0,0,0,0,0,1,0,1,0,0,0,1
"21","Eating Disorder Depiction",0,0,0,0,0,0,1,1,0,1,0,0,0,0,0,0,0,1,1,0,0,1,0,0,0,0,0,0,0,0,0,0,0,0,0,1,0,0,0,1,0,1,0,0,0,0,0,0,0,1,0,0,1,0,1,0,0,0,0,1,1,0,0,1,0,0,1,0,0,0,1,1,0,1,1,1,1,0,1,0,0,1,0,0,0,1,1,0,1
"22","Endangered Species Sale",0,0,0,0,0,0,0,0,0,0,0,0,0,0,0,0,0,0,0,1,0,1,0,0,0,0,0,0,1,0,0,0,0,0,1,0,0,0,0,0,0,0,0,0,0,0,0,0,0,0,0,0,1,0,0,0,0,0,0,0,0,0,0,1,0,0,1,0,0,0,0,0,0,0,0,0,0,0,1,0,0,1,0,0,1,1,0,0,1
"23","Engagement Abuse",0,1,0,0,0,0,0,1,1,1,0,1,0,0,1,1,0,1,1,1,1,1,0,0,0,1,0,0,1,1,1,1,1,1,1,0,0,0,1,1,0,1,1,0,0,0,0,0,1,1,0,0,1,0,1,1,0,0,0,1,1,1,1,0,0,1,1,1,0,0,1,1,1,0,0,0,1,0,0,0,1,1,1,0,0,1,0,1,1
"24","Exclusion/Segregation",0,0,0,0,0,0,0,0,0,0,0,0,0,0,0,0,0,1,0,0,0,1,0,0,0,1,0,0,0,0,0,0,0,0,0,1,0,0,0,1,0,1,0,0,1,0,0,0,0,1,0,0,0,0,1,0,0,0,0,0,0,0,0,0,0,0,1,0,1,0,0,1,0,0,0,0,1,0,1,0,0,0,0,0,0,1,0,0,0
"25","Exposure of Personal Information",1,0,1,1,1,1,0,1,1,1,1,1,1,0,0,1,0,1,1,1,0,1,0,0,0,1,0,1,0,1,1,1,1,1,1,1,1,0,1,1,1,1,1,0,1,1,1,0,1,1,1,1,1,0,1,1,1,1,0,1,1,1,0,1,1,1,1,0,1,1,1,1,0,1,0,1,1,1,1,0,0,1,1,1,1,1,1,0,1
"26","Fake News",0,0,0,0,0,1,0,0,0,0,0,0,0,0,0,0,0,0,1,1,0,0,0,0,0,0,0,0,0,0,0,1,0,0,0,0,0,0,0,0,0,0,0,0,0,0,0,0,0,0,0,0,0,0,0,0,0,0,0,1,0,0,0,0,0,0,0,0,0,0,0,0,0,0,0,0,1,0,1,0,0,0,0,0,0,0,0,0,1
"27","Fake Profiles",0,1,0,0,0,0,1,1,1,0,0,0,0,0,1,0,0,1,0,1,1,1,0,0,0,1,0,0,0,0,0,0,1,1,0,0,0,0,1,1,0,0,0,0,1,0,0,0,0,1,0,0,1,0,0,0,1,0,0,1,0,1,1,0,0,1,0,1,0,0,0,0,0,0,0,0,1,0,1,0,0,1,0,0,0,0,1,0,1
"28","Firearm Sales",0,0,0,0,0,1,0,0,0,0,0,0,0,0,0,0,0,1,0,1,0,1,0,0,0,1,0,0,1,1,1,1,0,0,1,1,0,0,1,1,0,0,0,0,0,1,0,0,0,1,0,0,1,0,1,1,0,0,0,1,0,0,0,1,1,0,1,0,0,0,1,1,1,0,1,1,0,0,1,0,0,1,1,0,1,1,0,0,1
"29","Glorifying Violent Groups/ Events",0,0,0,0,0,0,1,1,0,1,0,0,0,0,0,1,0,1,0,1,1,1,0,0,0,1,0,0,0,1,0,1,0,0,1,1,0,0,1,1,1,1,0,0,0,0,0,0,1,1,0,0,1,0,1,1,0,0,0,1,1,1,0,1,1,0,1,0,1,0,1,1,0,1,0,1,1,0,1,0,0,1,0,0,0,1,1,0,1
"30","Graphic Violence",0,0,0,1,1,1,1,1,1,1,0,0,0,1,1,0,0,1,0,1,0,1,0,0,0,1,0,1,1,1,1,1,0,0,1,1,0,0,1,1,0,1,0,1,1,1,0,1,1,1,0,0,1,0,0,1,1,1,0,1,1,1,1,1,1,0,1,0,1,0,1,1,1,0,1,1,1,0,1,0,0,0,1,0,1,1,1,1,1
"31","Harassment",0,0,0,0,1,1,1,1,1,1,1,1,1,1,1,1,1,1,1,1,1,1,1,1,0,1,0,1,1,1,0,1,0,1,1,1,0,1,1,1,1,1,1,1,1,1,0,0,0,1,0,1,1,0,1,1,1,1,1,1,1,1,1,1,1,1,1,0,1,0,1,1,0,1,1,1,1,0,1,0,0,1,1,0,1,1,1,0,1
"32","Hate Group Propaganda",0,0,0,0,0,0,0,0,0,0,0,0,1,0,0,1,1,1,0,0,0,1,0,0,0,1,0,0,1,0,0,0,0,0,0,0,0,0,0,1,0,0,0,1,1,0,0,1,0,1,0,0,1,0,0,1,0,0,0,1,1,1,0,0,1,0,1,0,0,0,0,1,0,1,0,1,1,0,0,0,0,1,0,0,0,1,1,0,0
"33","Hate Speech",1,0,0,1,0,1,1,0,1,1,1,1,1,0,1,1,1,1,1,1,1,1,0,1,0,1,0,1,1,1,1,1,1,1,0,1,0,1,1,1,1,1,0,1,1,0,1,1,1,1,0,1,1,0,1,1,1,1,0,1,1,1,0,1,0,0,1,1,1,0,1,1,0,1,1,1,1,0,1,0,1,1,0,0,1,1,1,0,1
"34","Hateful Images and Symbols",0,0,0,0,0,0,0,0,0,0,0,0,0,0,0,0,0,1,0,1,0,0,0,0,0,1,0,0,0,0,0,1,0,1,1,0,0,1,0,1,0,1,0,0,0,0,0,0,0,0,0,0,0,0,0,0,0,0,0,1,0,1,0,1,0,0,1,0,1,0,0,1,0,0,0,0,1,0,0,0,0,1,0,0,0,1,1,0,0
"35","Health Related Misinformation",0,0,0,0,0,1,0,1,0,0,0,0,0,0,0,0,0,1,0,0,0,1,0,0,0,0,0,1,0,0,0,0,0,0,0,1,0,0,1,1,0,1,0,0,1,0,0,0,0,0,0,1,1,0,0,0,0,0,0,1,0,1,0,0,0,0,1,0,0,0,0,1,0,0,0,1,1,0,0,0,0,0,0,0,0,1,0,0,0
"36","Human Organ Sale",0,0,0,0,0,1,0,0,0,0,0,0,0,0,0,0,0,0,0,1,0,1,0,0,0,0,0,0,0,0,0,0,0,0,1,0,0,0,0,1,0,0,0,0,0,0,0,0,0,0,0,0,1,0,0,0,0,0,0,0,0,0,0,0,0,0,0,0,0,0,0,0,0,0,0,0,0,0,1,0,0,0,0,0,0,1,0,0,0
"37","Human Trafficking",0,0,0,0,0,0,0,1,0,0,0,0,1,0,0,0,0,1,0,1,0,1,0,0,0,1,0,0,0,0,0,0,0,0,1,1,0,0,0,1,0,0,1,0,0,0,0,0,0,1,0,0,1,0,0,0,0,0,0,1,0,0,0,1,0,0,1,0,0,0,1,1,0,0,0,0,0,0,1,1,0,1,0,0,0,1,1,0,1
"38","Impersonation",1,0,0,1,0,1,1,1,1,1,1,1,1,0,1,1,0,1,1,1,1,1,0,0,0,1,0,1,1,1,1,1,1,0,1,1,1,1,1,1,0,1,1,0,0,1,1,0,0,1,0,1,1,0,1,1,1,1,0,1,1,1,1,1,0,1,1,0,1,1,1,1,1,1,1,1,0,1,1,1,0,1,1,0,1,1,1,0,1
"39","Inauthentic Behavior",0,0,0,0,0,0,0,1,1,0,0,1,0,0,1,0,0,1,0,1,1,1,0,0,1,1,0,0,0,0,1,1,0,0,0,1,0,0,0,1,0,0,1,0,0,0,0,0,0,1,0,1,1,0,1,1,0,0,0,1,0,1,0,0,0,0,1,0,0,0,1,1,1,0,0,1,1,0,1,0,0,1,1,0,0,0,0,0,1
"40","Incitement to Dangerous Behavior",0,0,0,1,1,0,0,0,1,1,0,0,0,0,0,0,0,1,0,1,0,1,0,0,0,1,0,0,0,0,0,1,0,0,1,1,0,0,1,1,0,0,0,0,0,0,0,0,0,1,0,0,1,0,0,0,0,0,0,1,1,0,0,1,0,0,1,0,1,0,1,1,0,1,0,0,0,0,0,0,0,1,1,0,1,1,1,0,1
"41","Incitement to Violence",0,0,0,1,0,0,1,1,0,1,1,1,1,0,1,1,0,1,0,1,1,1,0,0,0,1,0,0,1,1,1,1,1,1,1,1,0,1,1,1,1,1,1,0,1,0,0,0,1,1,0,1,0,1,1,1,0,0,1,1,1,1,1,1,1,1,1,0,1,0,1,1,0,1,1,1,1,0,1,1,1,1,1,0,0,1,1,0,1
"42","Inferiority",0,0,0,0,0,1,0,1,0,0,0,1,0,0,1,1,0,1,0,1,0,1,0,0,0,0,0,0,0,1,0,0,0,0,0,0,0,0,1,1,0,0,0,0,1,0,0,1,0,0,1,0,1,0,0,1,0,0,0,1,0,0,0,1,0,0,1,0,1,0,0,1,0,1,0,1,1,0,1,0,0,1,0,0,0,1,0,0,1
"43","Intellectual Property Infringement",0,0,0,1,1,1,0,0,1,0,1,1,1,1,1,1,1,1,1,1,1,1,1,1,0,1,1,1,1,0,1,1,1,1,1,1,0,1,1,0,1,1,1,1,0,1,0,0,1,1,0,1,1,0,1,0,1,1,0,0,1,1,1,1,0,1,1,1,0,1,1,1,1,1,1,1,1,0,1,1,0,1,1,0,1,0,0,1,1
"44","Interference with Elections",0,0,0,0,0,0,0,1,0,0,0,0,1,0,0,0,0,1,0,0,0,1,0,0,0,0,0,0,0,0,0,1,0,0,0,1,0,0,1,1,0,0,0,0,1,0,0,0,0,0,0,0,1,0,1,0,0,0,0,1,0,1,0,0,0,0,1,0,1,0,1,1,0,0,0,0,1,0,0,0,0,1,0,0,0,1,0,0,0
"45","Interrupting Platform Services",0,1,0,0,1,0,0,0,0,0,0,1,0,0,0,1,0,1,1,1,0,0,0,0,0,1,0,0,0,1,0,0,1,0,1,0,0,1,1,1,0,1,0,0,0,0,1,0,0,0,0,0,1,0,0,1,0,0,0,0,0,0,1,0,0,0,1,0,0,0,1,0,0,0,0,0,0,0,1,0,0,1,1,0,0,0,0,0,1
"46","Live Animal Sale",0,0,0,0,0,1,0,0,0,0,0,0,0,0,0,0,0,0,0,1,0,1,0,0,0,0,0,0,1,1,0,0,0,0,1,1,0,0,0,1,0,0,0,0,0,0,0,0,0,0,0,0,1,0,0,0,0,0,0,0,0,0,0,0,1,0,1,0,0,0,0,0,0,0,0,0,0,0,0,0,0,0,0,0,0,0,0,0,0
"47","Marijuana Sales",0,0,1,0,0,0,0,1,0,0,0,0,0,0,0,0,0,1,0,0,0,1,0,0,0,0,0,0,1,0,0,0,0,0,0,0,0,0,0,0,0,0,0,0,0,0,0,0,0,0,0,0,1,0,0,1,0,0,0,0,0,0,0,1,0,0,0,0,0,0,0,0,0,0,1,1,0,0,1,0,0,0,1,0,0,1,0,0,0
"48","Mass Murder Support",0,0,0,0,0,0,0,0,0,0,0,0,0,0,0,0,0,1,0,1,1,1,0,0,0,0,0,0,0,0,0,1,0,0,0,0,0,0,0,0,0,0,0,0,0,0,0,0,0,1,0,0,0,0,0,1,0,0,0,0,0,1,0,1,0,0,1,0,0,0,0,0,0,0,0,0,0,0,1,0,0,1,0,0,0,0,0,0,0
"49","Minors Sexualization",0,0,1,0,0,1,1,1,1,0,1,0,1,0,0,0,1,1,0,1,0,1,0,0,0,1,0,0,0,1,0,1,1,0,0,1,1,0,1,0,0,1,0,1,0,0,0,0,0,1,0,0,1,1,1,1,1,1,0,1,1,0,0,1,0,0,1,0,1,0,1,1,0,1,1,0,1,0,1,0,0,1,1,0,0,1,0,0,1
"50","Misinformation",0,0,0,1,0,1,0,1,1,0,0,0,0,0,1,0,0,1,1,1,1,1,0,0,0,0,0,0,0,1,0,1,0,0,1,1,0,1,1,1,1,1,0,0,1,0,0,0,0,0,0,1,1,0,0,0,0,0,0,1,1,1,0,0,0,0,1,0,1,0,0,1,1,1,0,1,0,0,1,0,0,0,1,0,0,1,0,1,1
"51","National Interests",0,0,0,0,0,1,0,0,0,1,0,0,0,0,1,0,0,0,1,1,1,0,0,0,0,0,0,0,0,0,1,0,0,0,1,0,0,0,0,0,0,0,0,0,0,0,0,0,0,0,0,0,0,0,0,0,0,0,0,0,0,0,0,0,0,0,0,0,0,0,0,0,0,0,0,0,0,0,0,0,0,0,1,0,1,0,0,0,1
"52","National Security",0,0,0,0,0,1,0,0,0,1,0,0,0,0,1,0,0,0,1,1,1,0,0,0,0,0,0,0,0,0,1,1,0,0,1,0,0,0,0,0,0,0,0,0,0,0,0,0,0,0,0,0,0,0,0,0,0,0,0,0,0,0,0,0,0,0,0,0,0,0,0,0,0,0,0,1,0,0,0,0,0,0,1,0,1,0,0,0,1
"53","National Unity",0,0,0,0,0,0,0,0,0,1,0,0,0,0,1,0,0,0,1,1,1,0,0,0,0,0,0,0,0,0,1,1,0,0,1,0,0,0,0,0,0,0,0,0,0,0,0,0,0,0,0,0,0,0,0,0,0,0,0,0,0,0,0,0,0,0,0,0,0,0,0,0,0,0,0,0,0,0,0,0,0,0,1,0,1,0,0,0,1
"54","Non-Consensual Intimate Imagery Threat",0,0,0,0,0,0,0,1,0,0,0,0,0,0,0,0,0,1,0,0,0,1,0,0,0,0,0,0,0,0,0,0,0,0,0,0,0,0,0,1,0,1,0,0,0,0,0,0,0,1,0,0,1,0,0,1,0,0,0,1,0,0,0,0,0,0,1,0,0,0,0,1,0,1,0,0,0,0,1,0,0,1,0,0,0,1,1,0,0
"55","Non-Consensual Sexual Touching",0,0,0,0,0,0,0,1,0,0,0,0,0,0,0,0,0,0,0,0,0,1,0,0,0,1,0,0,0,0,0,0,0,0,0,1,0,0,0,0,0,0,0,0,0,0,0,0,0,1,0,0,0,0,1,0,0,0,0,0,0,0,0,0,0,0,1,0,0,0,0,1,0,0,1,0,0,0,1,0,0,1,0,0,0,1,1,0,0
"56","Non-medical Drug Sale",0,0,1,0,0,1,0,1,0,0,0,0,0,0,0,0,0,1,0,0,0,1,0,0,0,0,0,0,1,0,1,1,0,0,1,1,1,0,1,1,0,0,0,0,0,0,0,0,0,1,0,0,1,0,1,1,0,0,0,1,0,0,0,0,0,0,1,0,0,1,1,1,1,0,1,1,0,0,1,0,0,1,1,0,0,1,0,0,1
"57","Nudity",0,0,0,1,0,0,1,1,1,1,0,0,0,0,0,1,0,0,0,1,0,1,0,0,0,1,0,0,0,1,0,1,1,0,1,1,1,0,1,1,0,0,0,1,1,0,0,0,0,0,0,1,1,0,0,0,1,0,0,1,1,0,0,1,1,0,1,0,1,1,0,1,0,1,0,0,0,0,1,0,0,0,1,0,1,1,1,0,1
"58","Pharmaceutical Sales",0,0,1,0,0,0,0,1,0,0,0,0,0,0,0,0,0,0,0,0,0,1,0,0,0,1,0,0,1,1,0,0,0,0,1,0,0,0,1,1,0,0,0,0,0,0,0,1,0,0,0,0,1,0,0,0,0,0,0,1,0,0,0,0,1,0,1,0,0,0,0,0,1,0,0,0,0,0,1,0,0,0,1,0,1,1,0,0,0
"59","Platform Security",0,0,0,0,0,0,0,0,0,0,0,0,1,0,0,0,0,0,0,1,1,1,0,0,0,1,0,0,0,0,0,0,1,0,0,0,0,0,1,0,0,0,0,0,0,0,0,0,0,0,0,0,1,0,0,1,0,0,0,0,0,0,1,1,0,0,1,0,0,0,0,0,0,0,0,1,0,0,1,0,0,0,0,0,0,0,0,0,0
"60","Political Content",0,0,0,0,0,0,0,0,0,0,0,0,0,0,0,0,0,0,0,0,0,0,0,0,0,0,1,0,0,0,0,0,0,0,0,0,0,0,0,0,0,0,0,0,0,0,0,0,0,0,0,0,0,0,0,0,0,0,0,0,0,0,0,0,0,0,0,0,0,0,0,0,1,0,0,0,0,0,1,0,0,0,0,0,1,0,0,0,0
"61","Privacy Violations",0,0,1,0,0,1,0,1,0,1,0,0,0,0,1,1,0,0,1,1,1,1,0,0,0,1,0,1,0,0,1,1,1,0,1,1,1,1,1,1,1,1,0,0,1,1,1,0,1,1,1,0,1,0,1,1,1,1,0,1,1,1,1,0,1,1,1,0,1,1,1,1,0,1,0,0,1,0,1,0,0,1,1,1,1,1,1,0,1
"62","Propagading Conspiracy Theories",0,0,0,0,0,0,0,1,0,0,0,0,0,0,1,0,0,1,0,1,1,0,0,0,0,0,0,0,0,0,0,0,0,0,1,1,0,0,0,0,0,0,0,0,1,0,0,0,0,0,0,0,1,0,0,0,0,0,0,1,1,0,0,0,0,0,1,0,0,0,0,1,0,1,0,0,1,0,0,0,0,0,1,0,0,1,0,0,1
"63","Prostitution",0,0,0,0,0,0,0,1,0,0,0,0,0,0,0,1,0,1,0,1,0,1,0,0,0,1,0,1,1,0,0,1,1,0,0,1,1,0,0,1,0,1,0,0,1,1,0,0,0,0,0,0,1,1,1,0,0,0,0,1,0,0,0,1,1,0,1,0,0,1,1,1,1,1,0,0,1,0,1,1,0,1,0,0,0,1,0,0,1
"64","Repeated Unwanted Advances",0,0,0,0,0,0,0,1,0,0,0,0,0,0,0,0,1,0,0,1,1,1,0,0,0,0,0,0,1,1,0,0,0,0,1,0,0,0,0,1,1,0,1,0,1,0,0,0,0,0,0,0,0,0,1,0,0,0,0,1,1,1,0,1,0,0,1,0,0,0,1,1,0,1,1,0,0,0,0,0,0,1,0,0,0,0,0,0,0
"65","Sale of Illegal or Regulated Goods",0,0,0,0,0,1,0,1,1,0,0,1,1,0,0,0,0,1,0,1,0,1,0,0,0,1,0,0,0,1,0,1,1,0,1,1,1,0,1,1,0,0,0,0,1,1,0,0,0,0,0,0,1,0,1,1,0,0,0,1,0,0,0,1,1,0,1,0,0,1,1,1,1,0,0,1,1,0,1,1,0,1,1,0,1,1,1,0,1
"66","Scams",0,1,0,0,0,1,0,1,1,1,1,1,1,0,1,0,0,1,0,1,0,1,1,0,0,1,0,0,0,1,1,1,1,1,1,1,0,0,0,1,0,0,1,0,1,0,0,0,0,0,0,0,0,0,1,1,1,1,0,1,0,1,1,1,0,0,1,0,1,1,1,1,1,1,1,1,1,0,1,1,0,0,1,0,0,1,1,0,1
"67","Self-injury Depiction",0,0,0,0,0,1,1,1,1,1,1,0,1,1,0,1,0,1,1,1,0,1,0,0,0,1,0,0,1,0,0,1,0,0,1,1,0,0,1,1,0,1,0,0,0,0,0,0,1,1,0,0,1,1,1,1,1,1,0,1,1,1,0,1,1,0,1,0,1,0,1,1,0,1,1,1,1,0,1,1,0,1,0,0,1,1,1,0,1
"68","Sexual Activity",0,0,0,1,0,1,0,1,0,0,1,0,0,0,0,1,0,0,0,1,0,1,0,0,0,1,0,0,0,1,1,1,0,1,1,1,1,0,1,1,0,1,0,0,0,0,0,0,0,1,0,1,1,0,0,0,0,0,0,0,1,0,0,1,1,1,1,0,1,1,1,1,1,1,1,1,1,0,1,0,1,1,1,0,1,1,0,1,1
"69","Sexual Content",0,0,0,1,1,1,1,1,1,1,1,0,0,1,1,1,0,1,0,1,1,1,0,0,0,1,0,1,0,1,1,1,0,0,1,1,1,0,1,1,0,0,0,0,1,1,1,1,1,0,0,1,1,0,0,0,1,1,0,0,1,1,0,1,1,1,1,0,1,1,1,1,1,1,1,1,1,0,1,1,0,0,1,0,1,1,1,0,1
"70","Sexual Solicitation",0,0,0,0,0,0,0,1,0,0,0,0,0,1,0,1,0,1,0,0,0,1,0,0,0,1,0,0,0,1,0,1,0,0,0,1,1,0,0,1,0,0,0,0,0,0,0,0,0,0,0,1,1,0,0,0,0,0,0,1,0,0,0,0,0,0,1,0,1,1,1,1,0,1,1,0,0,0,1,0,0,1,0,0,0,0,1,0,1
"71","Sexual Violence",0,0,0,0,0,1,0,1,0,0,1,0,0,0,0,0,0,1,0,1,0,1,0,0,0,1,0,0,0,1,0,0,0,0,0,0,0,0,0,1,0,0,0,0,0,0,0,0,0,1,0,0,0,0,1,0,0,1,0,0,0,0,0,0,0,0,1,0,1,0,0,1,0,0,1,1,1,0,1,1,0,1,1,0,1,1,0,0,0
"72","Sexually Explicit Language",0,0,0,0,0,1,0,1,0,0,0,0,0,0,0,1,0,0,0,1,0,1,0,0,0,0,0,0,0,1,0,0,0,0,1,1,1,0,0,0,0,0,0,0,0,0,0,0,0,0,0,0,1,0,0,0,0,0,0,0,0,0,0,0,0,0,1,0,0,0,0,1,0,1,0,0,0,0,1,0,0,0,1,0,1,1,1,0,1
"73","Sharing Malicious Software",0,0,0,0,0,1,0,0,0,0,0,0,0,0,0,0,0,1,1,1,0,1,0,0,0,1,0,0,0,0,0,1,1,0,0,0,1,0,1,1,0,1,1,0,0,0,0,1,0,0,0,0,1,0,1,1,0,0,0,0,0,1,1,1,0,1,1,0,0,0,0,1,1,0,0,1,0,0,1,0,0,0,0,0,0,1,0,0,0
"74","Slurs",0,0,0,0,1,1,0,0,1,1,0,1,0,0,1,1,0,1,1,1,1,1,1,0,0,0,0,1,0,1,0,0,0,1,1,1,0,0,0,1,0,1,0,1,1,1,1,0,0,1,1,0,1,0,1,1,0,0,0,0,0,1,0,1,0,0,1,0,1,0,0,1,0,1,0,0,1,0,0,0,1,1,1,0,1,1,0,1,1
"75","Spam",1,0,0,1,0,1,1,1,1,1,1,1,1,1,1,1,1,1,1,1,1,1,1,1,1,1,1,1,1,1,1,0,1,0,1,0,1,0,1,1,0,1,1,0,1,0,0,1,1,1,1,0,1,0,1,1,1,0,0,1,1,1,1,1,0,1,1,0,1,1,1,1,1,1,1,1,1,1,1,0,1,1,0,1,0,1,0,0,1
"76","Suicide Depiction",0,0,0,1,1,1,1,1,0,1,1,0,1,0,0,1,0,1,1,1,0,1,0,0,0,1,0,1,0,0,0,1,1,0,1,1,1,0,1,1,0,1,0,0,0,1,0,0,0,1,0,0,1,1,1,1,0,1,0,1,1,1,0,1,0,0,1,0,1,0,1,1,0,1,1,0,1,0,1,1,0,1,0,0,1,1,1,0,1
"77","Terrorist Propaganda",0,0,0,0,0,1,1,1,1,1,1,0,1,0,1,0,1,1,0,1,1,1,0,0,0,1,0,0,1,0,1,1,0,1,1,1,0,0,1,1,0,0,1,0,0,1,0,1,1,1,0,0,1,1,1,1,0,0,0,1,1,0,0,1,1,1,1,0,0,1,1,1,0,1,1,1,1,0,1,0,0,1,1,0,1,1,1,0,1
"78","Theft",0,0,0,0,0,0,0,1,0,0,0,0,0,0,0,0,0,0,0,1,0,1,0,0,0,1,0,0,1,0,1,1,0,0,0,1,0,0,0,1,0,0,0,0,0,0,0,0,0,1,0,1,0,0,0,0,0,0,0,0,0,0,1,0,0,0,1,0,0,0,1,1,0,0,0,0,0,0,1,0,0,0,0,0,0,0,0,0,1
"79","Vandalism",0,0,0,0,0,1,0,0,0,0,0,0,0,0,0,0,0,0,0,1,0,1,0,0,0,0,0,0,1,0,0,1,0,0,1,0,0,0,0,0,0,0,0,0,0,0,0,0,0,1,0,0,0,0,0,0,0,0,0,0,0,0,0,0,0,0,0,0,0,0,0,1,0,0,0,0,0,0,1,0,0,0,0,0,0,0,0,0,1
"80","Violence against Humans",0,0,0,1,0,1,0,1,0,0,0,0,1,0,0,0,0,1,0,1,0,1,0,0,0,1,0,0,0,1,0,1,0,0,0,1,0,0,1,1,0,0,0,0,0,0,0,0,0,1,0,0,0,0,0,0,0,0,0,1,0,0,0,0,0,0,1,0,1,0,1,0,0,0,0,0,0,0,1,0,0,0,0,0,0,1,0,0,0
