"","platform_id","name","year","type","monvisit","countrycode","decentralized","alt_tech","entrypage","comguide_true","comguide","tos","privacy","trarep","enfopt","cmpro"
"1",1,"4chan",2003,"Forum",53180000,"USA ",0,1,"https://www.4chan.org",1,"https://www.4chan.org/rules",NA,NA,NA,"https://www.4chan.org/rules","https://www.4chan.org/faq#what4chan"
"2",2,"5ch",2017,"Forum",82820000,"JPN",0,0,"http://5ch.net/",0,"https://info.5ch.net/index.php/Loki_Technology_Inc.","https://info.5ch.net/index.php/Loki_Technology_Inc.","https://info.5ch.net/index.php/Loki_Technology_Inc.",NA,"https://info.5ch.net/index.php/Loki_Technology_Inc.","https://info.5ch.net/index.php/Loki_Technology_Inc."
"3",3,"6.cn",2010,"Creator",227015,"CHN",0,0,"http://6.cn/",1,"https://v.6.cn/user/agreement.php?type=7","https://v.6.cn/about.php?ac=agreement","https://v.6.cn/about.php?ac=privacy",NA,"https://v.6.cn/user/agreement.php?type=7","https://v.6.cn/user/agreement.php?type=7"
"4",4,"8kun",2013,"Forum",39141,"USA ",0,1,"https://8kun.top/index.html",1,"https://8kun.top/guidance.html",NA,"https://8kun.top/privacy.html","https://8kun.top/delete/index.html","https://8kun.top/faq.html","https://8kun.top/faq.html"
"5",5,"9gag",2008,"Forum",98710000,"CHN",0,0,"http://9gag.com/",1,"https://9gag.helpshift.com/hc/en/3-9gag/section/11-9gag-rules/","https://about.9gag.com/tos","https://about.9gag.com/privacy",NA,"https://9gag.helpshift.com/hc/en/3-9gag/faq/29-enforcement/",NA
"6",6,"Ameblo ",2009,"Creator",185100000,"JPN",0,0,"ameblo.jp ",1,"https://helps.ameba.jp/trouble/post_1495.html","https://helps.ameba.jp/rules/","https://helps.ameba.jp/rules/privacy.html",NA,"https://helps.ameba.jp/trouble/post_1497.html","https://helps.ameba.jp/rules/post_104.html"
"7",7,"Aparat",2011,"Creator",7596000,"IRN",0,0,"http://aparat.com/",1,"https://www.aparat.com/community-guideline/publishPolicy","https://www.aparat.com/community-guideline",NA,NA,NA,"https://www.aparat.com/community-guideline/publishPolicy"
"8",8,"Ask.fm",2010,"Forum",5971000,"LVA",0,0,"http://ask.fm/",1,"https://safety.ask.fm/community-guidelines/","https://about.ask.fm/legal/en/terms.html","https://about.ask.fm/legal/en/privacy.html","https://about.ask.fm/legal/en/transparency.html","https://about.ask.fm/legal/en/transparency.html","https://safety.ask.fm/ask-fm-safety-guidelines-for-parents/"
"9",9,"Babytree",2007,"Forum",78043,"CHN",0,0,"http://babytree.com/",0,"https://h5.babytree.com/h5_fe_preg/html/user/privacy_policy/preg_terms_privacy/index?forbid_scroll=true","https://h5.babytree.com/h5_fe_preg/html/user/privacy_policy/preg_terms_privacy/index?forbid_scroll=true","https://h5.babytree.com/h5_fe_preg/html/user/privacy_policy/preg_privacy/index?forbid_scroll=true",NA,"https://h5.babytree.com/h5_fe_preg/html/user/privacy_policy/preg_terms_privacy/index?forbid_scroll=true","https://h5.babytree.com/h5_fe_preg/html/user/privacy_policy/preg_terms_privacy/index?forbid_scroll=true"
"10",10,"Badoo",2006,"Social Network",46580000,"GBR",0,0,"https://badoo.com/landing",1,"https://badoo.com/guidelines#guidelines","https://badoo.com/terms#terms","https://badoo.com/privacy#privacy",NA,"https://badoo.com/guidelines#guidelines","https://badoo.com/guidelines#guidelines"
"11",11,"Baidu Tieba",2003,"Forum",3.67e+08,"CHN",0,0,"https://tieba.baidu.com",0,"https://tieba.baidu.com/tb/eula.html ","https://tieba.baidu.com/tb/eula.html","https://tieba.baidu.com/tb/cms/tieba-fe/tieba_promise.html",NA,"https://tieba.baidu.com/tb/eula.html","https://tieba.baidu.com/tb/eula.html"
"12",12,"Behance",2005,"Creator",39740000,"USA ",0,0,"http://behance.net/",1,"https://www.behance.net/misc/community","https://www.adobe.com/legal/terms.html","https://www.adobe.com/privacy.html",NA,NA,NA
"13",13,"Bilibili",2009,"Creator",1.223e+09,"CHN",0,0,"https://www.bilibili.com",1,"https://www.bilibili.com/blackboard/blackroom.html","https://www.bilibili.com/protocal/licence.html","https://www.bilibili.com/blackboard/privacy-pc.html?spm_id_from=888.45317.b_4d317848424d6134485148.1",NA,NA,NA
"14",14,"BitChute",2017,"Creator",14470000,"GBR",1,1,"https://www.bitchute.com/",1,"https://support.bitchute.com/policy/guidelines/","https://support.bitchute.com/policy/terms/","https://support.bitchute.com/policy/privacy/","https://support.bitchute.com/policy/transparency-reporting",NA,NA
"15",15,"BizSugar",2009,"Social Network",18953,"USA ",0,0,"https://www.bizsugar.com",0,NA,"https://www.zoho.com/terms.html","https://www.zoho.com/privacy.html",NA,NA,"https://help.zoho.com/portal/en/kb/connect/user-guide/groups/articles/moderating-group-content-in-zoho-connect"
"16",16,"Blind",2013,"Forum",14300000,"USA ",0,0,"https://www.teamblind.com/",1,"https://www.teamblind.com/community-guidelines","https://us.teamblind.com/setting/term?_ga=2.200670958.177642470.1701940258-630280114.1701940258","https://us.teamblind.com/setting/privacy?_ga=2.230137436.177642470.1701940258-630280114.1701940258","https://www.teamblind.com/blog/blind-community-transparency-report-2023/",NA,"https://www.teamblind.com/faqs"
"17",17,"Bluesky",2023,"Social Network",25760000,"USA ",1,0,"https://bsky.app",1,"https://blueskyweb.xyz/support/community-guidelines","https://blueskyweb.xyz/support/tos","https://blueskyweb.xyz/support/privacy-policy",NA,"https://blueskyweb.xyz/blog/4-13-2023-moderation","https://blueskyweb.xyz/blog/4-13-2023-moderation"
"18",18,"Brainly",2009,"Forum",38900000,"POL",0,0,"https://brainly.in",1,"https://brainly.in/community-guidelines","https://brainly.in/pages/terms_of_use","https://brainly.in/pages/privacy_policy",NA,"https://faq-us.brainly.com/hc/en-us/articles/5194869031442-Moderators","https://faq-us.brainly.com/hc/en-us/articles/5194869031442-Moderators"
"19",19,"Caffeine",2018,"Creator",152765,"USA ",0,0,"https://www.caffeine.tv/",1,"https://www.caffeine.tv/rules.html","https://www.caffeine.tv/tos.html","https://www.caffeine.tv/privacy.html",NA,"https://www.caffeine.tv/rules.html","https://www.caffeine.tv/news/caffeine-raises-series-d-funding"
"20",20,"CloutHub",2018,"Creator",171977,"USA ",0,1,"https://app.clouthub.com/#/community",0,"https://clouthub.com/policy/terms-of-use","https://clouthub.com/policy/terms-of-use","https://clouthub.com/policy/privacy",NA,"https://clouthub.com/policy/terms-of-use","https://clouthub.com/policy/terms-of-use"
"21",21,"Cnblogs.com",2004,"Forum",32830000,"CHN",0,0,"http://cnblogs.com/",0,"https://account.cnblogs.com/agreement","https://account.cnblogs.com/agreement","https://account.cnblogs.com/privacy",NA,"https://account.cnblogs.com/agreement","https://account.cnblogs.com/agreement"
"22",22,"Computerbase.de",1999,"Forum",9931000,"DEU",0,0,"http://computerbase.de/",0,NA,"https://www.computerbase.de/forum/help/terms/","https://www.computerbase.de/datenschutz/",NA,NA,"https://www.computerbase.de/forum/members/?key=staff_members"
"23",23,"CSDN",2004,"Forum",123800000,"CHN",0,0,"http://csdn.net/",1,"https://blogdev.blog.csdn.net/article/details/113122012","https://passport.csdn.net/service","https://marketing.csdn.net/p/e1341fa2aa98ca4ded7455c654c74a62",NA,"https://blog.csdn.net/blogdevteam/article/details/126135357","https://blog.csdn.net/blogdevteam/article/details/126135357"
"24",24,"Dcard",2011,"Forum",39020000,"TWN",0,0,"http://dcard.tw/",0,"https://www.dcard.tw/terms?_gl=1*1sqaf8r*_ga*MzI2OTM3NDUuMTcwMTk1NjY4NQ..*_ga_FL0EN5QC8H*MTcwMTk1NjcyNi4xLjAuMTcwMTk1NjcyOC4wLjAuMA..","https://www.dcard.tw/terms?_gl=1*1sqaf8r*_ga*MzI2OTM3NDUuMTcwMTk1NjY4NQ..*_ga_FL0EN5QC8H*MTcwMTk1NjcyNi4xLjAuMTcwMTk1NjcyOC4wLjAuMA..","https://www.dcard.tw/terms?_gl=1*1sqaf8r*_ga*MzI2OTM3NDUuMTcwMTk1NjY4NQ..*_ga_FL0EN5QC8H*MTcwMTk1NjcyNi4xLjAuMTcwMTk1NjcyOC4wLjAuMA..",NA,"https://www.dcard.tw/terms?_gl=1*1sqaf8r*_ga*MzI2OTM3NDUuMTcwMTk1NjY4NQ..*_ga_FL0EN5QC8H*MTcwMTk1NjcyNi4xLjAuMTcwMTk1NjcyOC4wLjAuMA..","https://www.dcard.tw/terms?_gl=1*1sqaf8r*_ga*MzI2OTM3NDUuMTcwMTk1NjY4NQ..*_ga_FL0EN5QC8H*MTcwMTk1NjcyNi4xLjAuMTcwMTk1NjcyOC4wLjAuMA.."
"25",25,"DeSo",2021,"Creator",103453,"USA ",1,0,"https://www.deso.com",0,NA,NA,NA,NA,NA,NA
"26",26,"DeviantArt",2000,"Creator",1.03e+08,"USA ",0,0,"https://www.deviantart.com",1,"https://www.deviantart.com/about/policy/etiquette","https://www.deviantart.com/about/policy/service/","https://www.deviantart.com/about/policy/privacy",NA,"https://www.deviantart.com/about/policy/etiquette","https://www.deviantart.com/team/journal/Proactive-Deviation-Moderation-848744195"
"27",27,"Diaspora",2010,"Social Network",38821,"DEU",1,0,"https://diasporafoundation.org/",0,"https://discourse.diasporafoundation.org/faq","https://discourse.diasporafoundation.org/tos","https://discourse.diasporafoundation.org/privacy",NA,NA,NA
"28",28,"Discord",2015,"Chat",1.079e+09,"USA ",0,0,"https://discord.com",1,"https://discord.com/guidelines","https://discord.com/terms","https://discord.com/privacy","https://discord.com/safety-transparency","https://discord.com/safety-transparency-reports/2023-q2#title","https://discord.com/safety/auto-moderation-in-discord#:~:text=Built%2Din%20moderation%20features&text=Located%20under%20the%20Server%20Settings,a%20third%20party%20bot%20involved"
"29",29,"DLive",2018,"Creator",2453000,"USA ",1,1,"https://dlive.tv",1,"https://community.dlive.tv/about/community-guidelines","https://community.dlive.tv/about/terms-of-service","https://community.dlive.tv/about/privacy-policy",NA,"https://community.dlive.tv/about/community-guidelines","https://community.dlive.tv/about/community-guidelines"
"30",30,"Douban",2005,"Social Network",92680000,"CHN",0,0,"https://www.douban.com",1,"https://www.douban.com/about/guideline?dt_dapp=1","https://www.douban.com/about/agreement","https://www.douban.com/about/privacy",NA,"https://www.douban.com/about/agreement","https://www.douban.com/about/agreement"
"31",31,"Douyin",2016,"Creator",215400000,"CHN",0,0,"https://www.douyin.com",1,"https://www.douyin.com/rule/policy?activeId=self_decipline#heading-0","https://www.douyin.com/draft/douyin_agreement/douyin_agreement_user.html?id=6773906068725565448","https://www.douyin.com/draft/douyin_agreement/douyin_agreement_privacy.html?id=6773901168964798477","https://www.douyin.com/transparency","https://www.douyin.com/draft/douyin_agreement/douyin_agreement_user.html?id=6773906068725565448","https://www.douyin.com/draft/douyin_agreement/douyin_agreement_user.html?id=6773906068725565448"
"32",32,"DTube",2017,"Creator",308584,"FRA",0,1,"https://d.tube",0,NA,"https://signup.dtube.fso.ovh/legal/terms_of_use.html","https://signup.dtube.fso.ovh/legal/privacy_policy.html",NA,NA,"https://github.com/dtube/docs"
"33",33,"Dxy",2000,"Forum",2128000,"CHN",0,0,"http://dxy.cn/",1,"https://3g.dxy.cn/newh5/view/rule/bbsCommunityNorm","https://3g.dxy.cn/newh5/view/rule/userAgreement","https://3g.dxy.cn/newh5/view/rule/privacyPolicy",NA,"https://3g.dxy.cn/newh5/view/rule/userAgreement",NA
"34",34,"Exblog",1997,"Forum",15100000,"JPN",0,0,"http://exblog.jp/",0,"https://www.exblog.jp/agreement/","https://www.exblog.jp/agreement/","https://info.excite.co.jp/protection/",NA,"https://www.exblog.jp/agreement/","https://www.exblog.jp/agreement/"
"35",35,"Eyny",2003,"Forum",18260000,"CHN",0,0,"http://eyny.com/",0,"https://www.eyny.com/thread-10400220-1-1.html","https://www06.eyny.com/member.php?mod=register",NA,NA,NA,NA
"36",36,"Facebook",2004,"Social Network",1.644e+10,"USA ",0,0,"https://www.facebook.com",1,"https://transparency.fb.com/en-gb/policies/community-standards/","https://m.facebook.com/legal/terms","https://www.facebook.com/privacy/policy","https://transparency.fb.com/reports/","https://transparency.fb.com/en-gb/enforcement/taking-action/","https://transparency.fb.com/en-gb/enforcement/detecting-violations/"
"37",37,"Fetlife",2008,"Social Network",53290000,"CAN",0,0,"https://fetlife.com",1,"https://fetlife.com/guidelines/community-guidelines","https://fetlife.com/guidelines/legalese/terms-of-use-hwfvu","https://fetlife.com/guidelines/privacy-policy","https://fetlife.com/transparency","https://fetlife.com/guidelines/content-guidelines-rjym3","https://fetlife.com/trust"
"38",38,"Flickr",2004,"Creator",53770000,"USA",0,0,"https://www.flickr.com",1,"https://www.flickr.com/help/guidelines","https://www.flickr.com/help/terms","https://www.flickr.com/help/privacy",NA,"https://www.flickr.com/help/guidelines","https://www.flickr.com/help/guidelines"
"39",39,"Foursquare",2014,"Social Network",194093,"USA ",0,0,"https://swarmapp.com",1,"https://foursquare.com/info/houserules","https://foursquare.com/legal/terms","https://location.foursquare.com/legal/privacy-center/#media_and_text-v1-a6c0cbed-2fee-4ad0-b939-c63322c4165a",NA,"https://foursquare.com/legal/terms",NA
"40",40,"Gab",2016,"Forum",6897000,"USA ",1,1,"https://gab.com",0,"https://gab.com/about/tos","https://gab.com/about/tos","https://gab.com/about/privacy",NA,"https://gab.com/about/tos",NA
"41",41,"Gettr",2021,"Social Network",26634,"USA ",0,1,"https://about.gettr.com/",1,"https://gettr.com/community-guidelines","https://gettr.com/terms","https://gettr.com/privacy",NA,NA,"https://gettr.com/community-guidelines"
"42",42,"Hacker News",2007,"Forum",11260000,"USA ",0,0,"https://news.ycombinator.com",1,"https://news.ycombinator.com/newsguidelines.html","https://www.ycombinator.com/legal/#tou","https://www.ycombinator.com/legal/",NA,NA,NA
"43",43,"Hatenablog",2019,"Forum",74810000,"JPN",0,0,"http://hatenablog.com/",1,"https://help.hatenablog.com/entry/guideline","https://policies.hatena.ne.jp/rule","https://policies.hatena.ne.jp/privacypolicy-ja",NA,"https://help.hatenablog.com/entry/guideline","https://help.hatenablog.com/entry/guideline"
"44",44,"Hive Social ",2019,"Social Network",29332,"USA ",0,0,"https://www.hivesocial.app",1,"https://www.hivesocial.app/guidelines",NA,"https://www.hivesocial.app/privacy",NA,NA,NA
"45",45,"Imgur",2009,"Forum",119500000,"USA ",0,0,"https://imgur.com/",1,"https://imgur.com/rules","https://imgur.com/tos","https://imgur.com/privacy",NA,"https://imgur.com/rules","https://help.imgur.com/hc/en-us/articles/207835393"
"46",46,"Imo",2007,"Chat",2095000,"USA",0,0,"https://imo.im",1,"https://imo.im/policies/community_guidelines.html","https://imo.im/policies/terms_of_service.html","https://imo.im/policies/privacy_policy.html",NA,"https://imo.im/policies/community_guidelines.html","https://imo.im/policies/community_guidelines.html"
"47",47,"Instagram",2010,"Social Network",6.813e+09,"USA ",0,0,"https://www.instagram.com",1,"https://help.instagram.com/477434105621119","https://help.instagram.com/581066165581870/?helpref=hc_fnav","https://privacycenter.instagram.com/policy/?entry_point=ig_help_center_data_policy_redirect","https://transparency.fb.com/reports/","https://transparency.fb.com/en-gb/enforcement/taking-action/","https://transparency.fb.com/en-gb/enforcement/detecting-violations/"
"48",48,"Instiz ",2009,"Forum",20750000,"KOR",0,0,"http://instiz.net/",0,"https://www.instiz.net/popup_rule.htm?mode=6","https://www.instiz.net/popup_rule.htm?mode=6","https://www.instiz.net/popup_rule.htm?mode=6",NA,"https://www.instiz.net/popup_rule.htm?mode=6","https://www.instiz.net/popup_rule.htm?mode=6"
"49",49,"Josh",2020,"Creator",579922,"IND",0,0,"https://myjosh.in",1,"https://share.myjosh.in/content-policy","https://share.myjosh.in/terms-conditions?lang=en","https://share.myjosh.in/privacy?lang=en","https://share.myjosh.in/transparency-report?lang=en","https://share.myjosh.in/transparency-report?lang=en","https://share.myjosh.in/transparency-report?lang=en"
"50",50,"Kakao",2010,"Social Network",111300000,"KOR",0,0,"http://kakao.com/",1,"https://www.kakao.com/policy/oppolicy?lang=ko","\https://www.kakao.com/policy/kakaoTerms?type=s&version=simple&lang=ko","https://www.kakao.com/policy/privacy?type=p&lang=ko",NA,"https://www.kakao.com/policy/oppolicy?lang=ko",NA
"51",51,"KizlarSoruyor ",2011,"Forum",11610000,"TUR",0,0,"http://kizlarsoruyor.com/",0,"https://www.kizlarsoruyor.com/yardim","https://www.kizlarsoruyor.com/yardim","https://www.kizlarsoruyor.com/konu/kvkk-aydinlatma",NA,"https://www.kizlarsoruyor.com/yardim","https://www.kizlarsoruyor.com/yardim"
"52",52,"Knuddels ",1999,"Forum",1637000,"DEU",0,0,"https://www.knuddels.de/login",1,"https://www.knuddels.de/knigge","https://www.knuddels.de/agb","https://www.knuddels.de/datenschutz",NA,NA,"https://www.knuddels.de/mitgliederschutz"
"53",53,"Kuaishou",2011,"Creator",25440000,"CHN",0,0,"https://www.kuaishou.com",1,"https://www.kuaishou.com/norm","https://www.kuaishou.com/about/policy","https://www.kuaishou.com/about/policy?tab=privacy","https://www.kuaishou.com/csr/","https://www.kuaishou.com/about/policy","https://www.kuaishou.com/about/policy"
"54",54,"Kwai",2012,"Creator",59440000,"CHN",0,0,"https://www.kwai.com",1,"https://www.kwai.com/safety?id=community","https://www.kwai.com/legal?id=terms_service","https://www.kwai.com/legal?id=privacy_policy","https://www.kwai.com/safety?id=transparency_3","https://www.kwai.com/safety?id=election","https://www.kwai.com/safety?id=election"
"55",55,"Letterboxd",2011,"Creator",34280000,"NZL",0,0,"http://letterboxd.com/",1,"https://letterboxd.com/legal/community-policy/","https://letterboxd.com/legal/terms-of-use/","https://letterboxd.com/legal/privacy-policy/",NA,"https://letterboxd.com/legal/community-policy/","https://letterboxd.com/legal/community-policy/"
"56",56,"Lihkg",2016,"Forum",23810000,"CHN",0,0,"http://lihkg.com/",0,"https://help.lihkg.com/tags/討論區規則/","https://help.lihkg.com/tnc/","https://help.lihkg.com/privacy/policy/",NA,"https://help.lihkg.com/",NA
"57",57,"Likee",2017,"Creator",5361000,"SGP",0,0,"https://likee.video/",1,"https://likee.video/community","https://likee.video/agreement?lang=zh_Hans","https://likee.video/privacy?lang=zh_Hans","https://likee.video/offending_content","https://likee.video/offending_content","https://likee.video/offending_content"
"58",58,"LINE",2011,"Chat",337300000,"JPN",0,0,"https://line.me",1,"https://linecorp.com/en/safety/contributionStandard","https://terms.line.me/line_terms?lang=en","https://line.me/en/terms/policy/","https://linecorp.com/en/security/transparency/2022h2","https://linecorp.com/en/security/moderation/2022h1","https://linecorp.com/en/security/moderation/2022h1"
"59",59,"LinkedIn",2003,"Social Network",1.725e+09,"USA ",0,0,"https://www.linkedin.com/",1,"https://www.linkedin.com/legal/professional-community-policies?","https://www.linkedin.com/legal/user-agreement","https://www.linkedin.com/legal/privacy-policy","https://about.linkedin.com/transparency","https://www.linkedin.com/help/linkedin/answer/a1342754","https://engineering.linkedin.com/blog/2022/how-our-content-abuse-defense-systems-work-to-keep-members-safe"
"60",60,"LiveJournal",1999,"Social Network",70330000,"RUS",0,0,"https://www.livejournal.com/",0,"https://www.livejournal.com/legal/tos-ru.bml","https://www.livejournal.com/legal/tos-en.bml","https://policies.google.com/privacy?hl=en","https://www.livejournal.com/legal/","https://l-files.livejournal.net/misc/reports/Report_2022.pdf","https://www.livejournal.com/support/faq/108.html"
"61",61,"Mastodon",2016,"Social Network",3281000,"DEU",1,0,"https://mastodon.social/explore",1,"https://mastodon.social/about",NA,"https://mastodon.social/privacy-policy","https://joinmastodon.org/reports/Mastodon%20Annual%20Report%202022.pdf","https://docs.joinmastodon.org/admin/moderation/#:~:text=Moderation%20in%20Mastodon%20is%20always,copy%20on%20their%20own%20server.","https://joinmastodon.org/reports/Mastodon%20Annual%20Report%202022.pdf"
"62",62,"Medium",2012,"Creator",160200000,"USA ",0,0,"https://medium.com",1,"https://policy.medium.com/medium-rules-30e5502c4eb4","https://policy.medium.com/medium-terms-of-service-9db0094a1e0f","https://policy.medium.com/medium-privacy-policy-f03bf92035c9","https://medium.com/transparency-report","https://policy.medium.com/medium-rules-30e5502c4eb4",NA
"63",63,"MeWe",2012,"Social Network",4022000,"USA ",1,0,"https://mewe.com/",0,NA,"https://mewe.com/cms/terms","https://mewe.com/cms/privacy",NA,NA,NA
"64",64,"Miaopai",2011,"Creator",78531,"CHN",0,0,"http://miaopai.com/",0,NA,"https://creator.miaopai.com/regist",NA,NA,NA,NA
"65",65,"Minds",2015,"Social Network",474233,"USA ",1,1,"https://www.minds.com/",1,"https://www.minds.com/content-policy","https://www.minds.com/p/terms","https://www.minds.com/p/privacy","https://www.minds.com/content-policy","https://www.minds.com/content-policy","https://www.minds.com/content-policy"
"66",66,"Mixi",2004,"Social Network",11220000,"JPN",0,0,"https://mixi.jp",0,"https://mixi.jp/rules.pl","https://mixi.jp/rules.pl","https://mixi.co.jp/privacy/",NA,"https://mixi.jp/rules.pl","https://mixi.jp/rules.pl"
"67",67,"Mydigit",2006,"Forum",1568000,"CHN",0,0,"https://www.mydigit.cn/",0,"https://www.mydigit.cn/thread-2-1-1.html","https://www.mydigit.cn/thread-2-1-1.html","https://www.mydigit.cn/thread-2-1-1.html","https://www.mydigit.cn/forum.php?mod=misc&action=showdarkroom","https://www.mydigit.cn/thread-2-1-1.html",NA
"68",68,"Namasha ",2015,"Creator",2794000,"IRN",0,0,"http://namasha.com/",0,"https://www.namasha.com/terms","https://www.namasha.com/terms","https://www.namasha.com/privacy",NA,"https://www.namasha.com/terms","https://www.namasha.com/terms"
"69",69,"NewGrounds",1995,"Creator",16010000,"USA",0,0,"https://www.newgrounds.com",1,"https://www.newgrounds.com/wiki/help-information/content-submission","https://www.newgrounds.com/wiki/help-information/terms-of-use","https://www.newgrounds.com/wiki/help-information/privacy-policy",NA,"https://www.newgrounds.com/wiki/help-information/content-submission","https://www.newgrounds.com/wiki/help-information/site-moderation"
"70",70,"Nextdoor",2011,"Social Network",225404,"USA ",0,0,"https://about.nextdoor.com",1,"https://help.nextdoor.com/s/article/community-guidelines?language=en_US#guidelines","https://help.nextdoor.com/s/article/Member-Agreement-2024?language=en_US","https://help.nextdoor.com/s/article/Privacy-Policy-2024?language=en_US","https://about.nextdoor.com/press-releases/nextdoor-publishes-second-annual-transparency-report-revealing-record-low-levels-of-harmful-content-reported-on-the-platform/","https://help.nextdoor.com/s/article/How-to-report-a-member?language=en_US","https://help.nextdoor.com/s/article/About-moderation?language=en_US"
"71",71,"Nicovideo",2006,"Creator",183600000,"JPN",0,0,"http://nicovideo.jp/",1,"https://site.nicovideo.jp/base/guideline","https://account.nicovideo.jp/rules/account","https://dwango.co.jp/terms/privacy/",NA,"https://site.nicovideo.jp/base/guideline",NA
"72",72,"Ninisite ",2005,"Forum",2087000,"IRN",0,0,"http://ninisite.com/",1,"https://www.ninisite.com/rules","https://www.ninisite.com/rules","https://www.ninisite.com/rules",NA,"https://www.ninisite.com/rules","https://www.ninisite.com/rules"
"73",73,"Nnmclub",2016,"Forum",10840000,"RUS",0,0,"http://nnmclub.to/",1,"https://nnmclub.to/forum/viewtopic.php?t=867","https://nnmclub.to/forum/info.php?show=user_agreement",NA,NA,"https://nnmclub.to/forum/viewtopic.php?t=74841","https://nnmclub.to/forum/viewtopic.php?t=74841"
"74",75,"Odysee",2020,"Creator",16310000,"USA ",1,1,"https://odysee.com/",1,"https://help.odysee.tv/communityguidelines/","https://odysee.com/$/tos","https://odysee.com/$/privacypolicy",NA,"https://help.odysee.tv/communityguidelines/",NA
"75",76,"OK",2006,"Social Network",571700000,"RUS",0,0,"https://ok.ru",0,"https://ok.ru/help/za-chto-mogut-zablokirovat-na-odnoklassnikah","https://ok.ru/regulations","https://ok.ru/privacypolicy","https://ok.ru/help/otchet-o-rezultatah-monitoringa-i-rassmotreniya-obrashchenii","https://st.mycdn.me/static/faq/1-1-63/OK_social_network_report2022.pdf",NA
"76",77,"Patreon",2013,"Creator",100100000,"USA",0,0,"http://patreon.com/",1,"https://www.patreon.com/guidelines","https://www.patreon.com/de-DE/policy/legal","https://privacy.patreon.com/policies/en/?name=patreon-privacy-policy-03-20-2023",NA,"https://www.patreon.com/de-DE/policy/guidelines","https://www.patreon.com/de-DE/policy/guidelines"
"77",78,"Patriots.win",2020,"Forum",4620000,"USA ",0,1,"https://patriots.win/",1,"https://patriots.win","https://help.scored.co/knowledge-base/terms-of-service/","https://help.scored.co/knowledge-base/privacy-policy/","https://communities.win/c/thedonald/ban-logs","https://help.scored.co/knowledge-base/content-policy/","https://help.scored.co/knowledge-base/who-looks-at-my-reports/"
"78",79,"Peanut",2017,"Social Network",2340000,"GBR",0,0,"https://www.peanut-app.io/",1,"https://www.peanut-app.io/community-guidelines","https://www.peanut-app.io/terms","https://www.peanut-app.io/privacy",NA,"https://www.peanut-app.io/terms","https://www.peanut-app.io/terms "
"79",80,"Pinterest",2010,"Creator",1.162e+09,"USA",0,0,"https://www.pinterest.com",1,"https://policy.pinterest.com/en-gb/community-guidelines","https://policy.pinterest.com/en-gb/terms-of-service","https://policy.pinterest.com/en-gb/privacy-policy","https://policy.pinterest.com/en-gb/transparency-report","https://policy.pinterest.com/en-gb/enforcement","https://policy.pinterest.com/en-gb/enforcement"
"80",81,"Pixnet",2003,"Creator",33490000,"TWN",0,0,"http://pixnet.net/",0,"https://www.pixnet.net/regulation","https://www.pixnet.net/regulation","https://www.pixnet.net/privacy",NA,"https://www.pixnet.net/regulation","https://www.pixnet.net/regulation"
"81",82,"Plurk",2008,"Social Network",7107000,"TWN",0,0,"http://plurk.com/",1,"https://www.plurk.com/content-policy","https://www.plurk.com/terms","https://www.plurk.com/privacy",NA,"https://www.plurk.com/content-policy","https://www.plurk.com/content-policy"
"82",83,"Ptt",1995,"Forum",49730000,"TWN",0,0,"http://ptt.cc/",0,"https://www.ptt.cc/index.ua.html","https://www.ptt.cc/index.ua.html","https://www.ptt.cc/index.ua.html",NA,"https://www.ptt.cc/index.ua.html",NA
"83",84,"QQ",1999,"Chat",5362000,"CHN",0,0,"https://im.qq.com",0,"https://rule.tencent.com/rule/46a15f24-e42c-4cb6-a308-2347139b1201 ","https://rule.tencent.com/rule/46a15f24-e42c-4cb6-a308-2347139b1201","https://rule.tencent.com/rule/e82cbd02-f078-4550-bf03-5d5ae7ac0249","https://www.tencent.com/zh-cn/esg/esg-reports.html","https://rule.tencent.com/rule/46a15f24-e42c-4cb6-a308-2347139b1201","https://rule.tencent.com/rule/46a15f24-e42c-4cb6-a308-2347139b1201"
"84",85,"Quora",2010,"Forum",797800000,"USA ",0,0,"https://www.quora.com",1,"https://help.quora.com/hc/en-us/articles/360000470706-Platform-Policies","https://www.quora.com/about/tos","https://www.quora.com/about/privacy/",NA,"https://help.quora.com/hc/en-us/articles/360000470706-Platform-Policies",NA
"85",86,"QZone",2005,"Social Network",13670000,"CHN",0,0,"https://qzone.qq.com",0,"https://qzone.qq.com/web/rule.html","https://qzone.qq.com/web/tk.html","https://rule.tencent.com/rule/2f07d0fb-3351-49ed-b093-6c187a3a03c0",NA,"https://qzone.qq.com/web/rule.html","https://qzone.qq.com/web/rule.html"
"86",87,"Reddit",2005,"Forum",2.037e+09,"USA",0,0,"https://www.reddit.com",1,"https://www.redditinc.com/policies/content-policy","https://www.redditinc.com/policies/user-agreement","https://www.reddit.com/policies/privacy-policy","https://www.redditinc.com/policies/transparency","https://www.redditinc.com/policies/content-policy","https://www.redditinc.com/transparency"
"87",88,"ReverbNation",2006,"Creator",2703000,"USA ",0,0,"https://www.reverbnation.com/",1,"https://www.reverbnation.com/abuse","https://www.reverbnation.com/termsandconditions","https://www.reverbnation.com/privacy",NA,NA,NA
"88",89,"Rumble",2013,"Creator",128800000,"CAN",0,1,"https://rumble.com/",0,"https://rumble.com/s/terms","https://rumble.com/s/terms","https://rumble.com/s/privacy",NA,"https://corp.rumble.com/blog/rumble-proposes-an-open-source-content-moderation-policy-process-to-improve-transparency-put-creators-first/","https://corp.rumble.com/blog/rumble-proposes-an-open-source-content-moderation-policy-process-to-improve-transparency-put-creators-first/"
"89",90,"Sina Weibo",2009,"Social Network",141800000,"CHN",0,0,"https://weibo.com",0,"https://service.account.weibo.com/h5/roles/gongyue?ua=HONOR-ELZ-AN00__weibo__12.8.1__android__android12","https://m.weibo.cn/c/regagreement?from=h5&sudaref=www.bing.com&display=0&retcode=6102","https://m.weibo.cn/c/privacy/detail",NA,NA,"https://www.weibo.com/1934183965/4598004067347918"
"90",91,"Skoob",2009,"Social Network",2316000,"BRA",0,0,"http://skoob.com.br/",0,"https://skoob-sp.s3-sa-east-1.amazonaws.com/app-files/termo_de_uso_skoob.pdf","https://skoob-sp.s3-sa-east-1.amazonaws.com/app-files/termo_de_uso_skoob.pdf","https://www.skoob.com.br/ajuda/privacidade",NA,"https://skoob-sp.s3-sa-east-1.amazonaws.com/app-files/termo_de_uso_skoob.pdf","https://skoob-sp.s3-sa-east-1.amazonaws.com/app-files/termo_de_uso_skoob.pdf"
"91",92,"SlideShare",2006,"Creator",66910000,"USA",0,0,"https://www.slideshare.net",1,"https://support.scribd.com/hc/en-us/articles/210129266-Community-Guidelines","https://support.scribd.com/hc/en-us/articles/210129326-General-Terms-of-Use","https://support.scribd.com/hc/en/articles/210129366-Privacy-policy",NA,"https://support.scribd.com/hc/en-us/articles/210129166","https://support.scribd.com/hc/en-us/articles/210129166"
"92",93,"Slug",NA,"Forum",5000,"USA ",0,1,"https://slug.com/",1,"https://slug.com/about","https://slug.com/terms","https://slug.com/privacy",NA,NA,NA
"93",94,"Snapchat",2011,"Chat",203900000,"USA ",0,0,"https://www.snapchat.com",1,"https://values.snap.com/en-GB/privacy/transparency/community-guidelines","https://snap.com/en-US/terms","https://values.snap.com/en-GB/privacy/privacy-center","https://values.snap.com/en-GB/privacy/transparency","https://snap.com/en-US/content-recommendation-guidelines#hateful%20content","https://values.snap.com/en-GB/privacy/transparency/community-guidelines/moderation"
"94",95,"Sound Cloud",2008,"Creator",118600000,"DEU",0,0,"https://soundcloud.com",1,"https://pages.soundcloud.com/en/other/community-guidelines","https://soundcloud.com/terms-of-use#:~:text=You%20hereby%20represent%20and%20warrant,and%20where%20relevant)%20to%20authorize","https://soundcloud.com/pages/privacy","https://soundcloud.com/network-enforcement-act","https://help.soundcloud.com/hc/en-us/articles/115003449867","https://pages.soundcloud.com/en/other/community-guidelines"
"95",96,"Stack Exchange",2009,"Forum",91940000,"USA ",0,0,"http://stackexchange.com/",1,"https://stackoverflow.com/legal/acceptable-use-policy","https://stackoverflow.com/legal/terms-of-service/public","https://stackoverflow.com/legal/privacy-policy",NA,"https://stackoverflow.com/legal/acceptable-use-policy","https://meta.stackexchange.com/questions/19738/who-is-the-community-user"
"96",97,"Steam Community",2007,"Forum",153500000,"USA ",0,0,"http://steamcommunity.com/",1,"https://store.steampowered.com/online_conduct","https://store.steampowered.com/subscriber_agreement/","https://store.steampowered.com/privacy_agreement/",NA,"https://help.steampowered.com/en/faqs/view/6862-8119-C23E-EA7B","https://help.steampowered.com/en/faqs/view/4DE7-17AA-0E8B-C1AD"
"97",98,"Steemit",2016,"Social Network",4163000,"USA ",1,0,"https://steemit.com",0,"https://steemit.com/faq.html#What_is_considered_spam_or_abuse","https://steemit.com/tos.html","https://steemit.com/privacy.html",NA,NA,NA
"98",99,"Tagged",2004,"Social Network",11340000,"USA ",1,0,"https://www.tagged.com",1,"https://terms.meetme.com/content-and-conduct","https://secure.tagged.com/terms_of_service.html?reg=1","https://secure.tagged.com/terms_of_service.html#privacy_policy","https://www.themeetgroup.com/transparency-report/","https://terms.meetme.com/content-and-conduct","https://www.themeetgroup.com/safety-practices/"
"99",100,"Taringa",2004,"Social Network",4689000,"ARG",0,0,"https://www.taringa.net",0,"https://www.taringa.net/terms-and-conditions","https://www.taringa.net/terms-and-conditions","https://taringa.net/privacy",NA,"https://www.taringa.net/terms-and-conditions","https://www.taringa.net/terms-and-conditions"
"100",101,"Telegram",2013,"Chat",309500000,"ARE",0,1,"https://www.telegram.org",0,NA,"https://telegram.org/tos","https://telegram.org/privacy",NA,"https://telegram.org/faq_spam?setln=en",NA
"101",102,"Tellonym",2016,"Social Network",4713000,"DEU",0,0,"https://tellonym.me",1,"https://help.tellonym.me/hc/en-us/articles/360002833160-Community-Guidelines","https://help.tellonym.me/hc/en-us/articles/360003228980-Terms-of-Use","https://help.tellonym.me/hc/en-us/articles/360003062380-Privacy-Explanation",NA,"https://help.tellonym.me/hc/en-us/articles/360002833160-Community-Guidelines","https://info.tellonym.me/users/safety"
"102",103,"The Dots",2014,"Social Network",371678,"GBR",0,0,"https://the-dots.com",0,NA,"https://the-dots.com/legal/terms","https://the-dots.com/legal/privacy",NA,NA,NA
"103",104,"ThinkSpot",2019,"Creator",64581,"USA ",0,1,"https://thinkspot.com/",1,"https://www.thinkspot.com/home/community_guideline","https://www.thinkspot.com/home/tou","https://www.thinkspot.com/home/privacy_policy",NA,"https://www.thinkspot.com/home/community_guideline","https://www.thinkspot.com/home/community_guideline"
"104",105,"Threads",2023,"Social Network",68780000,"USA ",0,0,"https://www.threads.net/login",1,"https://help.instagram.com/477434105621119?ref=igtos&helpref=faq_content","https://help.instagram.com/769983657850450","https://help.instagram.com/515230437301944",NA,NA,NA
"105",106,"TikTok",2016,"Creator",2.247e+09,"USA ",0,0,"https://www.tiktok.com",1,"https://www.tiktok.com/community-guidelines/en/","https://www.tiktok.com/legal/page/us/terms-of-service/en","https://www.tiktok.com/legal/page/us/privacy-policy/en","https://www.tiktok.com/transparency/en/reports/","https://www.tiktok.com/transparency/en-us/content-moderation/","https://www.tiktok.com/transparency/en-us/content-moderation/"
"106",107,"Toutiao",2012,"Creator",61990000,"CHN",0,0,"https://www.toutiao.com",0,"https://www.toutiao.com/user_agreement/","https://www.toutiao.com/user_agreement/","https://www.toutiao.com/privacy_protection/",NA,"https://www.toutiao.com/user_agreement/","https://www.toutiao.com/user_agreement/"
"107",108,"TradingView",2011,"Social Network",197900000,"USA ",0,0,"http://tradingview.com/",1,"https://www.tradingview.com/house-rules/","https://www.tradingview.com/policies/","https://www.tradingview.com/privacy-policy/",NA,"https://www.tradingview.com/support/solutions/43000570844-i-do-not-agree-with-a-moderator/","https://www.tradingview.com/moderators/"
"108",109,"Triller",2015,"Creator",201277,"USA ",0,0,"https://triller.co",1,"https://support.triller.co/docs/community-guidelines/","https://support.triller.co/docs/terms-of-service/","https://support.triller.co/docs/privacy-policy/",NA,NA,NA
"109",110,"TruthSocial",2022,"Social Network",4817000,"USA ",0,1,"https://truthsocial.com/",1,"https://help.truthsocial.com/community-guidelines-page/","https://help.truthsocial.com/legal/terms-of-service/","https://help.truthsocial.com/legal/privacy-policy/",NA,"https://help.truthsocial.com/moderation/moderation-faq","https://help.truthsocial.com/moderation/moderation-faq"
"110",111,"Tumblr",2007,"Creator",193600000,"USA",0,0,"https://www.tumblr.com",1,"https://www.tumblr.com/policy/en/community","https://www.tumblr.com/policy/en/terms-of-service","https://www.tumblr.com/privacy/en","https://transparency.automattic.com/tumblr/","https://help.tumblr.com/hc/en-us/articles/360011799473-Content-moderation-on-Tumblr","https://help.tumblr.com/hc/en-us/articles/360011799473-Content-moderation-on-Tumblr"
"111",112,"Twitch",2011,"Creator",1.05e+09,"USA ",0,0,"https://www.twitch.tv",1,"https://safety.twitch.tv/s/article/Community-Guidelines?language=en_US","https://www.twitch.tv/p/en/legal/terms-of-service/","https://www.twitch.tv/p/en/legal/privacy-notice/","https://safety.twitch.tv/s/article/Transparency-Reports?language=en_US","https://help.twitch.tv/s/article/about-account-suspensions-dmca-suspensions-and-chat-bans?language=en_US","https://safety.twitch.tv/s/article/Transparency-Reports?language=en_US"
"112",113,"Valence",2019,"Social Network",5000,"USA ",0,0,"https://valence.community",0,NA,"https://valence.community/terms-conditions","https://valence.community/privacy-policy",NA,NA,NA
"113",114,"Vero",2015,"Social Network",280525,"USA ",0,0,"https://vero.co",1,"https://vero.co/community-guidelines","https://vero.co/terms-of-use","https://vero.co/privacy-policy",NA,"https://vero.co/community-guidelines",NA
"114",115,"Viber",2010,"Chat",14220000,"LUX",0,0,"https://www.viber.com/en/",1,"https://www.viber.com/en/terms/viber-public-content-policy/","https://www.viber.com/en/terms/viber-terms-use/","https://www.viber.com/en/terms/viber-privacy-policy/",NA,"https://help.viber.com/hc/en-us/articles/9340728226077-Communities-Knowledge-Base-For-Admins","https://help.viber.com/hc/en-us/articles/9340728226077-Communities-Knowledge-Base-For-Admins"
"115",116,"Vimeo",2004,"Creator",68670000,"USA ",0,0,"https://vimeo.com",1,"https://vimeo.com/help/guidelines","https://vimeo.com/terms#term_and_termination","https://vimeo.com/privacy",NA,"https://vimeo.com/help/guidelines","https://vimeo.com/help/guidelines"
"116",117,"VK",2006,"Social Network",2638000,"RUS",0,0,"https://vk.ru",1,"https://vk.com/@authors-pravila-soobschestv","https://vk.ru/terms","https://vk.ru/privacy","https://vk.ru/safety","https://vk.ru/safety","https://vk.ru/safety"
"117",118,"VSCO",2011,"Creator",21660000,"USA",0,0,"https://www.vsco.co",1,"https://www.vsco.co/about/community-guidelines","https://www.vsco.co/about/terms-of-use","https://www.vsco.co/about/privacy-policy",NA,"https://support.vsco.co/hc/en-us/articles/6022323406477-How-We-Enforce","https://support.vsco.co/hc/en-us/articles/6022323406477-How-We-Enforce"
"118",119,"Wattpad",2006,"Creator",136400000,"CAN",0,0,"http://wattpad.com/",1,"https://policies.wattpad.com/standards","https://policies.wattpad.com/terms/","https://policies.wattpad.com/privacy",NA,"https://policies.wattpad.com/content","https://company.wattpad.com/blog/improving-community-safety-on-wattpad"
"119",120,"WeChat",2011,"Chat",2485000,"CHN",0,0,"https://web.wechat.com",1,"https://www.wechat.com/zh_CN/acceptable_use_policy.html","https://www.wechat.com/zh_CN/service_terms.html","https://www.wechat.com/zh_CN/privacy_policy.html","https://www.tencent.com/zh-cn/esg/esg-reports.html","https://weixin.qq.com/cgi-bin/readtemplate?&t=page/agreement/personal_account&lang=zh_CN","https://weixin.qq.com/cgi-bin/readtemplate?&t=page/agreement/personal_account&lang=zh_CN&head=true"
"120",121,"WhatsApp",2009,"Chat",2.384e+09,"USA",0,0,"https://web.whatsapp.com",1,"https://faq.whatsapp.com/245599461477281","https://www.whatsapp.com/legal/terms-of-service-eea","https://www.whatsapp.com/legal/privacy-policy",NA,"https://faq.whatsapp.com/414631957536067?helpref=security","https://faq.whatsapp.com/245599461477281"
"121",122,"WrongThink",NA,"Forum",5000,"USA ",0,1,"https://wrongthink.net/",0,NA,NA,NA,NA,NA,NA
"122",123,"Wykop",2005,"Forum",41060000,"POL",0,0,"http://wykop.pl/",1,"https://wykop.pl/dobre-praktyki","https://wykop.pl/regulamin","https://wykop.pl/polityka-prywatnosci-i-cookies",NA,"https://wykop.pl/standardy-moderacji","https://wykop.pl/standardy-moderacji"
"123",124,"X",2006,"Social Network",6.13e+09,"USA",0,0,"https://twitter.com",1,"https://help.twitter.com/en/rules-and-policies/x-rules","https://twitter.com/en/tos","https://twitter.com/en/privacy","https://transparency.twitter.com","https://help.twitter.com/en/rules-and-policies/enforcement-options",NA
"124",125,"Xiaohongshu",2013,"Creator",149600000,"CHN",0,0,"http://xiaohongshu.com",1,"https://agree.xiaohongshu.com/h5/terms/ZXXY20221213003/-1","https://agree.xiaohongshu.com/h5/terms/ZXXY20220331001/-1","https://agree.xiaohongshu.com/h5/terms/ZXXY20220509001/-1",NA,"https://agree.xiaohongshu.com/h5/terms/ZXXY20220331001/-1","https://agree.xiaohongshu.com/h5/terms/ZXXY20220331001/-1"
"125",126,"Xing",2003,"Social Network",12670000,"DEU",0,0,"https://www.xing.com",1,"https://faq.xing.com/en/messages/community-guidelines","https://www.xing.com/terms/xing","https://privacy.xing.com/en/privacy-policy",NA,NA,NA
"126",127,"Yizhibo",2016,"Creator",14559,"CHN",0,0,"https://www.yizhibo.com",0,"https://www.yizhibo.com/home/page/agreement","https://www.yizhibo.com/home/page/agreement",NA,NA,"https://www.yizhibo.com/home/page/agreement","https://www.yizhibo.com/home/page/agreement"
"127",128,"Youku",2006,"Creator",40010000,"CHN",0,0,"https://www.youku.com",0,"https://terms.alicdn.com/legal-agreement/terms/suit_bu1_unification/suit_bu1_unification202005142208_14749.html?spm=a2hja.14919748_WEBHOME_NEW.footer-container.5~5~5~5!2~DL~5~A","https://terms.alicdn.com/legal-agreement/terms/suit_bu1_unification/suit_bu1_unification202005142208_14749.html?spm=a2hja.14919748_WEBHOME_NEW.footer-container.5~5~5~5!2~DL~5~A","https://terms.alicdn.com/legal-agreement/terms/suit_bu1_unification/suit_bu1_unification202005141916_91107.html?spm=a2hja.14919748_WEBHOME_NEW.footer-container.5~5~5~5!2~DL~5~A!4",NA,"https://terms.alicdn.com/legal-agreement/terms/suit_bu1_unification/suit_bu1_unification202005142208_14749.html?spm=a2hja.14919748_WEBHOME_NEW.footer-container.5~5~5~5!2~DL~5~A","https://terms.alicdn.com/legal-agreement/terms/suit_bu1_unification/suit_bu1_unification202005142208_14749.html?spm=a2hja.14919748_WEBHOME_NEW.footer-container.5~5~5~5!2~DL~5~A"
"128",129,"YouTube",2005,"Creator",3.269e+10,"USA ",0,0,"https://www.youtube.com",1,"https://www.youtube.com/intl/en_us/howyoutubeworks/policies/community-guidelines/","https://www.youtube.com/t/terms","https://policies.google.com/privacy?hl=en-US","https://transparencyreport.google.com/youtube-policy/removals?hl=en","https://support.google.com/youtube/answer/2802032?hl=en&sjid=10894962100557360324-EU","https://support.google.com/youtube/answer/13304829?hl=en&ref_topic=9387060&sjid=10894962100557360324-EU"
"129",130,"Yubo",2015,"Social Network",29474,"FRA",0,0,"https://www.yubo.live",1,"https://www.yubo.live/community-guidelines","https://www.yubo.live/legal/terms-of-service","https://www.yubo.live/legal/privacy-policy","https://www.yubo.live/safety/transparency-report","https://yubo.cdn.prismic.io/yubo/f257adae-8b3d-488a-badf-ce17fdcd1859_TransparencyReport_October23+%282%29.pdf","https://www.yubo.live/privacy/moderations-decision-making"
"130",131,"YY",2012,"Creator",1463000,"CHN",0,0,"https://www.yy.com",1,"https://www.yy.com/n/33_535.html","https://www.yy.com/n/33_538.html","https://www.yy.com/web/duty/privacy.html","https://www.yy.com/n/33_1283.html","https://www.yy.com/n/33_546.html","https://www.yy.com/n/33_546.html"
"131",132,"Zhanqi.tv",2014,"Creator",36335,"CHN",0,0,"http://zhanqi.tv/",1,"https://www.zhanqi.tv/help/85.html?p=1","https://www.zhanqi.tv/common/agreement.html","https://www.zhanqi.tv/common/privacy.html",NA,"https://www.zhanqi.tv/help/85.html?p=1",NA
"132",133,"Zhihu",2011,"Forum",541400000,"CHN",0,0,"https://www.zhihu.com",1,"https://zhuanlan.zhihu.com/p/506696688","https://www.zhihu.com/term/zhihu-terms","https://www.zhihu.com/term/privacy",NA,"https://www.zhihu.com/term/zhihu-terms","https://www.zhihu.com/term/zhihu-terms"
